[{"anno":2022,"des_regione":"Lombardia","num_enti_tot":3298,"num_enti_con_dich":1734},{"anno":2022,"des_regione":"Piemonte","num_enti_tot":2239,"num_enti_con_dich":829},{"anno":2022,"des_regione":"Campania","num_enti_tot":1904,"num_enti_con_dich":754},{"anno":2022,"des_regione":"Sicilia","num_enti_tot":1812,"num_enti_con_dich":582},{"anno":2022,"des_regione":"Lazio","num_enti_tot":1720,"num_enti_con_dich":637},{"anno":2022,"des_regione":"Veneto","num_enti_tot":1654,"num_enti_con_dich":848},{"anno":2022,"des_regione":"Emilia-Romagna","num_enti_tot":1297,"num_enti_con_dich":608},{"anno":2022,"des_regione":"Puglia","num_enti_tot":1204,"num_enti_con_dich":554},{"anno":2022,"des_regione":"Toscana","num_enti_tot":1164,"num_enti_con_dich":451},{"anno":2022,"des_regione":"Calabria","num_enti_tot":984,"num_enti_con_dich":354},{"anno":2022,"des_regione":"Sardegna","num_enti_tot":905,"num_enti_con_dich":420},{"anno":2022,"des_regione":"Abruzzo","num_enti_tot":702,"num_enti_con_dich":229},{"anno":2022,"des_regione":"Marche","num_enti_tot":683,"num_enti_con_dich":303},{"anno":2022,"des_regione":"Liguria","num_enti_tot":606,"num_enti_con_dich":229},{"anno":2022,"des_regione":"Friuli-Venezia Giulia","num_enti_tot":572,"num_enti_con_dich":302},{"anno":2022,"des_regione":"Provincia autonoma di Trento","num_enti_tot":499,"num_enti_con_dich":67},{"anno":2022,"des_regione":"Provincia autonoma di Bolzano","num_enti_tot":489,"num_enti_con_dich":103},{"anno":2022,"des_regione":"Basilicata","num_enti_tot":354,"num_enti_con_dich":112},{"anno":2022,"des_regione":"Umbria","num_enti_tot":347,"num_enti_con_dich":136},{"anno":2022,"des_regione":"Molise","num_enti_tot":286,"num_enti_con_dich":78},{"anno":2022,"des_regione":"Valle d'Aosta/Vallée d'Aoste","num_enti_tot":163,"num_enti_con_dich":77}]
