<table xmlns:xsi="http://www.w3.org/2001/XMLSchema-instance">\n\n<row>\n  <anno>2022</anno>\n  <des_regione>Lombardia</des_regione>\n  <num_enti_tot>3298</num_enti_tot>\n  <num_enti_con_dich>1734</num_enti_con_dich>\n</row>\n\n<row>\n  <anno>2022</anno>\n  <des_regione>Piemonte</des_regione>\n  <num_enti_tot>2239</num_enti_tot>\n  <num_enti_con_dich>829</num_enti_con_dich>\n</row>\n\n<row>\n  <anno>2022</anno>\n  <des_regione>Campania</des_regione>\n  <num_enti_tot>1904</num_enti_tot>\n  <num_enti_con_dich>754</num_enti_con_dich>\n</row>\n\n<row>\n  <anno>2022</anno>\n  <des_regione>Sicilia</des_regione>\n  <num_enti_tot>1812</num_enti_tot>\n  <num_enti_con_dich>582</num_enti_con_dich>\n</row>\n\n<row>\n  <anno>2022</anno>\n  <des_regione>Lazio</des_regione>\n  <num_enti_tot>1720</num_enti_tot>\n  <num_enti_con_dich>637</num_enti_con_dich>\n</row>\n\n<row>\n  <anno>2022</anno>\n  <des_regione>Veneto</des_regione>\n  <num_enti_tot>1654</num_enti_tot>\n  <num_enti_con_dich>848</num_enti_con_dich>\n</row>\n\n<row>\n  <anno>2022</anno>\n  <des_regione>Emilia-Romagna</des_regione>\n  <num_enti_tot>1297</num_enti_tot>\n  <num_enti_con_dich>608</num_enti_con_dich>\n</row>\n\n<row>\n  <anno>2022</anno>\n  <des_regione>Puglia</des_regione>\n  <num_enti_tot>1204</num_enti_tot>\n  <num_enti_con_dich>554</num_enti_con_dich>\n</row>\n\n<row>\n  <anno>2022</anno>\n  <des_regione>Toscana</des_regione>\n  <num_enti_tot>1164</num_enti_tot>\n  <num_enti_con_dich>451</num_enti_con_dich>\n</row>\n\n<row>\n  <anno>2022</anno>\n  <des_regione>Calabria</des_regione>\n  <num_enti_tot>984</num_enti_tot>\n  <num_enti_con_dich>354</num_enti_con_dich>\n</row>\n\n<row>\n  <anno>2022</anno>\n  <des_regione>Sardegna</des_regione>\n  <num_enti_tot>905</num_enti_tot>\n  <num_enti_con_dich>420</num_enti_con_dich>\n</row>\n\n<row>\n  <anno>2022</anno>\n  <des_regione>Abruzzo</des_regione>\n  <num_enti_tot>702</num_enti_tot>\n  <num_enti_con_dich>229</num_enti_con_dich>\n</row>\n\n<row>\n  <anno>2022</anno>\n  <des_regione>Marche</des_regione>\n  <num_enti_tot>683</num_enti_tot>\n  <num_enti_con_dich>303</num_enti_con_dich>\n</row>\n\n<row>\n  <anno>2022</anno>\n  <des_regione>Liguria</des_regione>\n  <num_enti_tot>606</num_enti_tot>\n  <num_enti_con_dich>229</num_enti_con_dich>\n</row>\n\n<row>\n  <anno>2022</anno>\n  <des_regione>Friuli-Venezia Giulia</des_regione>\n  <num_enti_tot>572</num_enti_tot>\n  <num_enti_con_dich>302</num_enti_con_dich>\n</row>\n\n<row>\n  <anno>2022</anno>\n  <des_regione>Provincia autonoma di Trento</des_regione>\n  <num_enti_tot>499</num_enti_tot>\n  <num_enti_con_dich>67</num_enti_con_dich>\n</row>\n\n<row>\n  <anno>2022</anno>\n  <des_regione>Provincia autonoma di Bolzano</des_regione>\n  <num_enti_tot>489</num_enti_tot>\n  <num_enti_con_dich>103</num_enti_con_dich>\n</row>\n\n<row>\n  <anno>2022</anno>\n  <des_regione>Basilicata</des_regione>\n  <num_enti_tot>354</num_enti_tot>\n  <num_enti_con_dich>112</num_enti_con_dich>\n</row>\n\n<row>\n  <anno>2022</anno>\n  <des_regione>Umbria</des_regione>\n  <num_enti_tot>347</num_enti_tot>\n  <num_enti_con_dich>136</num_enti_con_dich>\n</row>\n\n<row>\n  <anno>2022</anno>\n  <des_regione>Molise</des_regione>\n  <num_enti_tot>286</num_enti_tot>\n  <num_enti_con_dich>78</num_enti_con_dich>\n</row>\n\n<row>\n  <anno>2022</anno>\n  <des_regione>Valle d'Aosta/Vallée d'Aoste</des_regione>\n  <num_enti_tot>163</num_enti_tot>\n  <num_enti_con_dich>77</num_enti_con_dich>\n</row>\n\n</table>\n
