<table xmlns:xsi="http://www.w3.org/2001/XMLSchema-instance">\n\n<row>\n  <des_principio>Utilizzabile</des_principio>\n  <criterio_di_successo>2.4.7 Focus visibile</criterio_di_successo>\n  <cod_livello_conformita>AA</cod_livello_conformita>\n  <perc_round>38.88176</perc_round>\n</row>\n\n<row>\n  <des_principio>Percepibile</des_principio>\n  <criterio_di_successo>1.4.1 Uso del colore</criterio_di_successo>\n  <cod_livello_conformita>A</cod_livello_conformita>\n  <perc_round>22.52043</perc_round>\n</row>\n\n<row>\n  <des_principio>Percepibile</des_principio>\n  <criterio_di_successo>1.4.3 Contrasto (minimo)</criterio_di_successo>\n  <cod_livello_conformita>AA</cod_livello_conformita>\n  <perc_round>15.23194</perc_round>\n</row>\n\n<row>\n  <des_principio>Percepibile</des_principio>\n  <criterio_di_successo>1.1.1 Contenuti non testuali</criterio_di_successo>\n  <cod_livello_conformita>A</cod_livello_conformita>\n  <perc_round>4.72797</perc_round>\n</row>\n\n<row>\n  <des_principio>Robusto</des_principio>\n  <criterio_di_successo>4.1.1 Analisi sintattica (parsing)</criterio_di_successo>\n  <cod_livello_conformita>A</cod_livello_conformita>\n  <perc_round>4.65873</perc_round>\n</row>\n\n<row>\n  <des_principio>Percepibile</des_principio>\n  <criterio_di_successo>1.3.1 Informazioni e correlazioni</criterio_di_successo>\n  <cod_livello_conformita>A</cod_livello_conformita>\n  <perc_round>4.02595</perc_round>\n</row>\n\n<row>\n  <des_principio>Utilizzabile</des_principio>\n  <criterio_di_successo>2.4.4 Scopo del collegamento (nel contesto)</criterio_di_successo>\n  <cod_livello_conformita>A</cod_livello_conformita>\n  <perc_round>3.14242</perc_round>\n</row>\n\n<row>\n  <des_principio>Robusto</des_principio>\n  <criterio_di_successo>4.1.2 Nome, ruolo, valore</criterio_di_successo>\n  <cod_livello_conformita>A</cod_livello_conformita>\n  <perc_round>2.92044</perc_round>\n</row>\n\n<row>\n  <des_principio>Percepibile</des_principio>\n  <criterio_di_successo>1.4.11 Contrasto in contenuti non testuali</criterio_di_successo>\n  <cod_livello_conformita>AA</cod_livello_conformita>\n  <perc_round>1.82844</perc_round>\n</row>\n\n<row>\n  <des_principio>Percepibile</des_principio>\n  <criterio_di_successo>1.3.5 Identificare lo scopo degli input</criterio_di_successo>\n  <cod_livello_conformita>AA</cod_livello_conformita>\n  <perc_round>1.01139</perc_round>\n</row>\n\n<row>\n  <des_principio>Comprensibile</des_principio>\n  <criterio_di_successo>3.3.2 Etichette o istruzioni</criterio_di_successo>\n  <cod_livello_conformita>A</cod_livello_conformita>\n  <perc_round>0.42791</perc_round>\n</row>\n\n<row>\n  <des_principio>Comprensibile</des_principio>\n  <criterio_di_successo>3.2.2 All'input</criterio_di_successo>\n  <cod_livello_conformita>A</cod_livello_conformita>\n  <perc_round>0.34523</perc_round>\n</row>\n\n<row>\n  <des_principio>Percepibile</des_principio>\n  <criterio_di_successo>1.4.5 Immagini di testo</criterio_di_successo>\n  <cod_livello_conformita>AA</cod_livello_conformita>\n  <perc_round>0.15966</perc_round>\n</row>\n\n<row>\n  <des_principio>Comprensibile</des_principio>\n  <criterio_di_successo>3.1.1 Lingua della pagina</criterio_di_successo>\n  <cod_livello_conformita>A</cod_livello_conformita>\n  <perc_round>0.05684</perc_round>\n</row>\n\n<row>\n  <des_principio>Percepibile</des_principio>\n  <criterio_di_successo>1.4.10 Ricalcolo del flusso</criterio_di_successo>\n  <cod_livello_conformita>AA</cod_livello_conformita>\n  <perc_round>0.04848</perc_round>\n</row>\n\n<row>\n  <des_principio>Percepibile</des_principio>\n  <criterio_di_successo>1.2.3 Audiodescrizione o tipo di media alternativo (preregistrato)</criterio_di_successo>\n  <cod_livello_conformita>A</cod_livello_conformita>\n  <perc_round>0.00713</perc_round>\n</row>\n\n<row>\n  <des_principio>Utilizzabile</des_principio>\n  <criterio_di_successo>2.4.2 Titolazione della pagina</criterio_di_successo>\n  <cod_livello_conformita>A</cod_livello_conformita>\n  <perc_round>0.00271</perc_round>\n</row>\n\n<row>\n  <des_principio>Percepibile</des_principio>\n  <criterio_di_successo>1.4.12 Spaziatura del testo</criterio_di_successo>\n  <cod_livello_conformita>AA</cod_livello_conformita>\n  <perc_round>0.00226</perc_round>\n</row>\n\n<row>\n  <des_principio>Utilizzabile</des_principio>\n  <criterio_di_successo>2.2.1 Regolazione tempi di esecuzione</criterio_di_successo>\n  <cod_livello_conformita>A</cod_livello_conformita>\n  <perc_round>0.00022</perc_round>\n</row>\n\n<row>\n  <des_principio>Comprensibile</des_principio>\n  <criterio_di_successo>3.1.2 Parti in lingua</criterio_di_successo>\n  <cod_livello_conformita>AA</cod_livello_conformita>\n  <perc_round>0.00007</perc_round>\n</row>\n\n<row>\n  <des_principio>Utilizzabile</des_principio>\n  <criterio_di_successo>2.2.2 Pausa, stop, nascondi</criterio_di_successo>\n  <cod_livello_conformita>A</cod_livello_conformita>\n  <perc_round>0.00000</perc_round>\n</row>\n\n</table>\n
