[{"des_principio":"Utilizzabile","criterio_di_successo":"2.4.7 Focus visibile","cod_livello_conformita":"AA","perc_round":38.88176},{"des_principio":"Percepibile","criterio_di_successo":"1.4.1 Uso del colore","cod_livello_conformita":"A","perc_round":22.52043},{"des_principio":"Percepibile","criterio_di_successo":"1.4.3 Contrasto (minimo)","cod_livello_conformita":"AA","perc_round":15.23194},{"des_principio":"Percepibile","criterio_di_successo":"1.1.1 Contenuti non testuali","cod_livello_conformita":"A","perc_round":4.72797},{"des_principio":"Robusto","criterio_di_successo":"4.1.1 Analisi sintattica (parsing)","cod_livello_conformita":"A","perc_round":4.65873},{"des_principio":"Percepibile","criterio_di_successo":"1.3.1 Informazioni e correlazioni","cod_livello_conformita":"A","perc_round":4.02595},{"des_principio":"Utilizzabile","criterio_di_successo":"2.4.4 Scopo del collegamento (nel contesto)","cod_livello_conformita":"A","perc_round":3.14242},{"des_principio":"Robusto","criterio_di_successo":"4.1.2 Nome, ruolo, valore","cod_livello_conformita":"A","perc_round":2.92044},{"des_principio":"Percepibile","criterio_di_successo":"1.4.11 Contrasto in contenuti non testuali","cod_livello_conformita":"AA","perc_round":1.82844},{"des_principio":"Percepibile","criterio_di_successo":"1.3.5 Identificare lo scopo degli input","cod_livello_conformita":"AA","perc_round":1.01139},{"des_principio":"Comprensibile","criterio_di_successo":"3.3.2 Etichette o istruzioni","cod_livello_conformita":"A","perc_round":0.42791},{"des_principio":"Comprensibile","criterio_di_successo":"3.2.2 All'input","cod_livello_conformita":"A","perc_round":0.34523},{"des_principio":"Percepibile","criterio_di_successo":"1.4.5 Immagini di testo","cod_livello_conformita":"AA","perc_round":0.15966},{"des_principio":"Comprensibile","criterio_di_successo":"3.1.1 Lingua della pagina","cod_livello_conformita":"A","perc_round":0.05684},{"des_principio":"Percepibile","criterio_di_successo":"1.4.10 Ricalcolo del flusso","cod_livello_conformita":"AA","perc_round":0.04848},{"des_principio":"Percepibile","criterio_di_successo":"1.2.3 Audiodescrizione o tipo di media alternativo (preregistrato)","cod_livello_conformita":"A","perc_round":0.00713},{"des_principio":"Utilizzabile","criterio_di_successo":"2.4.2 Titolazione della pagina","cod_livello_conformita":"A","perc_round":0.00271},{"des_principio":"Percepibile","criterio_di_successo":"1.4.12 Spaziatura del testo","cod_livello_conformita":"AA","perc_round":0.00226},{"des_principio":"Utilizzabile","criterio_di_successo":"2.2.1 Regolazione tempi di esecuzione","cod_livello_conformita":"A","perc_round":0.00022},{"des_principio":"Comprensibile","criterio_di_successo":"3.1.2 Parti in lingua","cod_livello_conformita":"AA","perc_round":0.00007},{"des_principio":"Utilizzabile","criterio_di_successo":"2.2.2 Pausa, stop, nascondi","cod_livello_conformita":"A","perc_round":0.00000}]
