[{"regione":"Veneto","des_tipologia_ente":"Altre tipologie di Enti","num_siti":377,"dat_monitoraggio":"2023-06-30"},{"regione":"Veneto","des_tipologia_ente":"Comuni e loro Consorzi e Associazioni","num_siti":595,"dat_monitoraggio":"2023-06-30"},{"regione":"Veneto","des_tipologia_ente":"Istituti di Istruzione Statale di Ogni Ordine e Grado","num_siti":487,"dat_monitoraggio":"2023-06-30"},{"regione":"Valle d'Aosta/Vallée d'Aoste","des_tipologia_ente":"Altre tipologie di Enti","num_siti":53,"dat_monitoraggio":"2023-06-30"},{"regione":"Valle d'Aosta/Vallée d'Aoste","des_tipologia_ente":"Comuni e loro Consorzi e Associazioni","num_siti":65,"dat_monitoraggio":"2023-06-30"},{"regione":"Valle d'Aosta/Vallée d'Aoste","des_tipologia_ente":"Istituti di Istruzione Statale di Ogni Ordine e Grado","num_siti":31,"dat_monitoraggio":"2023-06-30"},{"regione":"Umbria","des_tipologia_ente":"Altre tipologie di Enti","num_siti":83,"dat_monitoraggio":"2023-06-30"},{"regione":"Umbria","des_tipologia_ente":"Comuni e loro Consorzi e Associazioni","num_siti":84,"dat_monitoraggio":"2023-06-30"},{"regione":"Umbria","des_tipologia_ente":"Istituti di Istruzione Statale di Ogni Ordine e Grado","num_siti":119,"dat_monitoraggio":"2023-06-30"},{"regione":"Toscana","des_tipologia_ente":"Altre tipologie di Enti","num_siti":276,"dat_monitoraggio":"2023-06-30"},{"regione":"Toscana","des_tipologia_ente":"Comuni e loro Consorzi e Associazioni","num_siti":275,"dat_monitoraggio":"2023-06-30"},{"regione":"Toscana","des_tipologia_ente":"Istituti di Istruzione Statale di Ogni Ordine e Grado","num_siti":331,"dat_monitoraggio":"2023-06-30"},{"regione":"Sicilia","des_tipologia_ente":"Altre tipologie di Enti","num_siti":317,"dat_monitoraggio":"2023-06-30"},{"regione":"Sicilia","des_tipologia_ente":"Comuni e loro Consorzi e Associazioni","num_siti":295,"dat_monitoraggio":"2023-06-30"},{"regione":"Sicilia","des_tipologia_ente":"Istituti di Istruzione Statale di Ogni Ordine e Grado","num_siti":426,"dat_monitoraggio":"2023-06-30"},{"regione":"Sardegna","des_tipologia_ente":"Altre tipologie di Enti","num_siti":161,"dat_monitoraggio":"2023-06-30"},{"regione":"Sardegna","des_tipologia_ente":"Comuni e loro Consorzi e Associazioni","num_siti":338,"dat_monitoraggio":"2023-06-30"},{"regione":"Sardegna","des_tipologia_ente":"Istituti di Istruzione Statale di Ogni Ordine e Grado","num_siti":208,"dat_monitoraggio":"2023-06-30"},{"regione":"Puglia","des_tipologia_ente":"Altre tipologie di Enti","num_siti":203,"dat_monitoraggio":"2023-06-30"},{"regione":"Puglia","des_tipologia_ente":"Comuni e loro Consorzi e Associazioni","num_siti":232,"dat_monitoraggio":"2023-06-30"},{"regione":"Puglia","des_tipologia_ente":"Istituti di Istruzione Statale di Ogni Ordine e Grado","num_siti":464,"dat_monitoraggio":"2023-06-30"},{"regione":"Provincia autonoma di Trento","des_tipologia_ente":"Altre tipologie di Enti","num_siti":182,"dat_monitoraggio":"2023-06-30"},{"regione":"Provincia autonoma di Trento","des_tipologia_ente":"Comuni e loro Consorzi e Associazioni","num_siti":164,"dat_monitoraggio":"2023-06-30"},{"regione":"Provincia autonoma di Trento","des_tipologia_ente":"Istituti di Istruzione Statale di Ogni Ordine e Grado","num_siti":57,"dat_monitoraggio":"2023-06-30"},{"regione":"Provincia autonoma di Bolzano","des_tipologia_ente":"Altre tipologie di Enti","num_siti":118,"dat_monitoraggio":"2023-06-30"},{"regione":"Provincia autonoma di Bolzano","des_tipologia_ente":"Comuni e loro Consorzi e Associazioni","num_siti":61,"dat_monitoraggio":"2023-06-30"},{"regione":"Provincia autonoma di Bolzano","des_tipologia_ente":"Istituti di Istruzione Statale di Ogni Ordine e Grado","num_siti":88,"dat_monitoraggio":"2023-06-30"},{"regione":"Piemonte","des_tipologia_ente":"Altre tipologie di Enti","num_siti":548,"dat_monitoraggio":"2023-06-30"},{"regione":"Piemonte","des_tipologia_ente":"Comuni e loro Consorzi e Associazioni","num_siti":986,"dat_monitoraggio":"2023-06-30"},{"regione":"Piemonte","des_tipologia_ente":"Istituti di Istruzione Statale di Ogni Ordine e Grado","num_siti":367,"dat_monitoraggio":"2023-06-30"},{"regione":"Molise","des_tipologia_ente":"Altre tipologie di Enti","num_siti":48,"dat_monitoraggio":"2023-06-30"},{"regione":"Molise","des_tipologia_ente":"Comuni e loro Consorzi e Associazioni","num_siti":122,"dat_monitoraggio":"2023-06-30"},{"regione":"Molise","des_tipologia_ente":"Istituti di Istruzione Statale di Ogni Ordine e Grado","num_siti":38,"dat_monitoraggio":"2023-06-30"},{"regione":"Marche","des_tipologia_ente":"Altre tipologie di Enti","num_siti":159,"dat_monitoraggio":"2023-06-30"},{"regione":"Marche","des_tipologia_ente":"Comuni e loro Consorzi e Associazioni","num_siti":183,"dat_monitoraggio":"2023-06-30"},{"regione":"Marche","des_tipologia_ente":"Istituti di Istruzione Statale di Ogni Ordine e Grado","num_siti":198,"dat_monitoraggio":"2023-06-30"},{"regione":"Lombardia","des_tipologia_ente":"Altre tipologie di Enti","num_siti":721,"dat_monitoraggio":"2023-06-30"},{"regione":"Lombardia","des_tipologia_ente":"Comuni e loro Consorzi e Associazioni","num_siti":1351,"dat_monitoraggio":"2023-06-30"},{"regione":"Lombardia","des_tipologia_ente":"Istituti di Istruzione Statale di Ogni Ordine e Grado","num_siti":942,"dat_monitoraggio":"2023-06-30"},{"regione":"Liguria","des_tipologia_ente":"Altre tipologie di Enti","num_siti":121,"dat_monitoraggio":"2023-06-30"},{"regione":"Liguria","des_tipologia_ente":"Comuni e loro Consorzi e Associazioni","num_siti":207,"dat_monitoraggio":"2023-06-30"},{"regione":"Liguria","des_tipologia_ente":"Istituti di Istruzione Statale di Ogni Ordine e Grado","num_siti":153,"dat_monitoraggio":"2023-06-30"},{"regione":"Lazio","des_tipologia_ente":"Altre tipologie di Enti","num_siti":884,"dat_monitoraggio":"2023-06-30"},{"regione":"Lazio","des_tipologia_ente":"Comuni e loro Consorzi e Associazioni","num_siti":311,"dat_monitoraggio":"2023-06-30"},{"regione":"Lazio","des_tipologia_ente":"Istituti di Istruzione Statale di Ogni Ordine e Grado","num_siti":538,"dat_monitoraggio":"2023-06-30"},{"regione":"Friuli-Venezia Giulia","des_tipologia_ente":"Altre tipologie di Enti","num_siti":171,"dat_monitoraggio":"2023-06-30"},{"regione":"Friuli-Venezia Giulia","des_tipologia_ente":"Comuni e loro Consorzi e Associazioni","num_siti":196,"dat_monitoraggio":"2023-06-30"},{"regione":"Friuli-Venezia Giulia","des_tipologia_ente":"Istituti di Istruzione Statale di Ogni Ordine e Grado","num_siti":142,"dat_monitoraggio":"2023-06-30"},{"regione":"Emilia-Romagna","des_tipologia_ente":"Altre tipologie di Enti","num_siti":353,"dat_monitoraggio":"2023-06-30"},{"regione":"Emilia-Romagna","des_tipologia_ente":"Comuni e loro Consorzi e Associazioni","num_siti":287,"dat_monitoraggio":"2023-06-30"},{"regione":"Emilia-Romagna","des_tipologia_ente":"Istituti di Istruzione Statale di Ogni Ordine e Grado","num_siti":436,"dat_monitoraggio":"2023-06-30"},{"regione":"Campania","des_tipologia_ente":"Altre tipologie di Enti","num_siti":284,"dat_monitoraggio":"2023-06-30"},{"regione":"Campania","des_tipologia_ente":"Comuni e loro Consorzi e Associazioni","num_siti":463,"dat_monitoraggio":"2023-06-30"},{"regione":"Campania","des_tipologia_ente":"Istituti di Istruzione Statale di Ogni Ordine e Grado","num_siti":462,"dat_monitoraggio":"2023-06-30"},{"regione":"Calabria","des_tipologia_ente":"Altre tipologie di Enti","num_siti":131,"dat_monitoraggio":"2023-06-30"},{"regione":"Calabria","des_tipologia_ente":"Comuni e loro Consorzi e Associazioni","num_siti":300,"dat_monitoraggio":"2023-06-30"},{"regione":"Calabria","des_tipologia_ente":"Istituti di Istruzione Statale di Ogni Ordine e Grado","num_siti":308,"dat_monitoraggio":"2023-06-30"},{"regione":"Basilicata","des_tipologia_ente":"Altre tipologie di Enti","num_siti":57,"dat_monitoraggio":"2023-06-30"},{"regione":"Basilicata","des_tipologia_ente":"Comuni e loro Consorzi e Associazioni","num_siti":94,"dat_monitoraggio":"2023-06-30"},{"regione":"Basilicata","des_tipologia_ente":"Istituti di Istruzione Statale di Ogni Ordine e Grado","num_siti":80,"dat_monitoraggio":"2023-06-30"},{"regione":"Abruzzo","des_tipologia_ente":"Altre tipologie di Enti","num_siti":149,"dat_monitoraggio":"2023-06-30"},{"regione":"Abruzzo","des_tipologia_ente":"Comuni e loro Consorzi e Associazioni","num_siti":262,"dat_monitoraggio":"2023-06-30"},{"regione":"Abruzzo","des_tipologia_ente":"Istituti di Istruzione Statale di Ogni Ordine e Grado","num_siti":121,"dat_monitoraggio":"2023-06-30"}]
