<table xmlns:xsi="http://www.w3.org/2001/XMLSchema-instance">\n\n<row>\n  <regione>Veneto</regione>\n  <des_tipologia_ente>Altre tipologie di Enti</des_tipologia_ente>\n  <num_siti>377</num_siti>\n  <dat_monitoraggio>2023-06-30</dat_monitoraggio>\n</row>\n\n<row>\n  <regione>Veneto</regione>\n  <des_tipologia_ente>Comuni e loro Consorzi e Associazioni</des_tipologia_ente>\n  <num_siti>595</num_siti>\n  <dat_monitoraggio>2023-06-30</dat_monitoraggio>\n</row>\n\n<row>\n  <regione>Veneto</regione>\n  <des_tipologia_ente>Istituti di Istruzione Statale di Ogni Ordine e Grado</des_tipologia_ente>\n  <num_siti>487</num_siti>\n  <dat_monitoraggio>2023-06-30</dat_monitoraggio>\n</row>\n\n<row>\n  <regione>Valle d'Aosta/Vallée d'Aoste</regione>\n  <des_tipologia_ente>Altre tipologie di Enti</des_tipologia_ente>\n  <num_siti>53</num_siti>\n  <dat_monitoraggio>2023-06-30</dat_monitoraggio>\n</row>\n\n<row>\n  <regione>Valle d'Aosta/Vallée d'Aoste</regione>\n  <des_tipologia_ente>Comuni e loro Consorzi e Associazioni</des_tipologia_ente>\n  <num_siti>65</num_siti>\n  <dat_monitoraggio>2023-06-30</dat_monitoraggio>\n</row>\n\n<row>\n  <regione>Valle d'Aosta/Vallée d'Aoste</regione>\n  <des_tipologia_ente>Istituti di Istruzione Statale di Ogni Ordine e Grado</des_tipologia_ente>\n  <num_siti>31</num_siti>\n  <dat_monitoraggio>2023-06-30</dat_monitoraggio>\n</row>\n\n<row>\n  <regione>Umbria</regione>\n  <des_tipologia_ente>Altre tipologie di Enti</des_tipologia_ente>\n  <num_siti>83</num_siti>\n  <dat_monitoraggio>2023-06-30</dat_monitoraggio>\n</row>\n\n<row>\n  <regione>Umbria</regione>\n  <des_tipologia_ente>Comuni e loro Consorzi e Associazioni</des_tipologia_ente>\n  <num_siti>84</num_siti>\n  <dat_monitoraggio>2023-06-30</dat_monitoraggio>\n</row>\n\n<row>\n  <regione>Umbria</regione>\n  <des_tipologia_ente>Istituti di Istruzione Statale di Ogni Ordine e Grado</des_tipologia_ente>\n  <num_siti>119</num_siti>\n  <dat_monitoraggio>2023-06-30</dat_monitoraggio>\n</row>\n\n<row>\n  <regione>Toscana</regione>\n  <des_tipologia_ente>Altre tipologie di Enti</des_tipologia_ente>\n  <num_siti>276</num_siti>\n  <dat_monitoraggio>2023-06-30</dat_monitoraggio>\n</row>\n\n<row>\n  <regione>Toscana</regione>\n  <des_tipologia_ente>Comuni e loro Consorzi e Associazioni</des_tipologia_ente>\n  <num_siti>275</num_siti>\n  <dat_monitoraggio>2023-06-30</dat_monitoraggio>\n</row>\n\n<row>\n  <regione>Toscana</regione>\n  <des_tipologia_ente>Istituti di Istruzione Statale di Ogni Ordine e Grado</des_tipologia_ente>\n  <num_siti>331</num_siti>\n  <dat_monitoraggio>2023-06-30</dat_monitoraggio>\n</row>\n\n<row>\n  <regione>Sicilia</regione>\n  <des_tipologia_ente>Altre tipologie di Enti</des_tipologia_ente>\n  <num_siti>317</num_siti>\n  <dat_monitoraggio>2023-06-30</dat_monitoraggio>\n</row>\n\n<row>\n  <regione>Sicilia</regione>\n  <des_tipologia_ente>Comuni e loro Consorzi e Associazioni</des_tipologia_ente>\n  <num_siti>295</num_siti>\n  <dat_monitoraggio>2023-06-30</dat_monitoraggio>\n</row>\n\n<row>\n  <regione>Sicilia</regione>\n  <des_tipologia_ente>Istituti di Istruzione Statale di Ogni Ordine e Grado</des_tipologia_ente>\n  <num_siti>426</num_siti>\n  <dat_monitoraggio>2023-06-30</dat_monitoraggio>\n</row>\n\n<row>\n  <regione>Sardegna</regione>\n  <des_tipologia_ente>Altre tipologie di Enti</des_tipologia_ente>\n  <num_siti>161</num_siti>\n  <dat_monitoraggio>2023-06-30</dat_monitoraggio>\n</row>\n\n<row>\n  <regione>Sardegna</regione>\n  <des_tipologia_ente>Comuni e loro Consorzi e Associazioni</des_tipologia_ente>\n  <num_siti>338</num_siti>\n  <dat_monitoraggio>2023-06-30</dat_monitoraggio>\n</row>\n\n<row>\n  <regione>Sardegna</regione>\n  <des_tipologia_ente>Istituti di Istruzione Statale di Ogni Ordine e Grado</des_tipologia_ente>\n  <num_siti>208</num_siti>\n  <dat_monitoraggio>2023-06-30</dat_monitoraggio>\n</row>\n\n<row>\n  <regione>Puglia</regione>\n  <des_tipologia_ente>Altre tipologie di Enti</des_tipologia_ente>\n  <num_siti>203</num_siti>\n  <dat_monitoraggio>2023-06-30</dat_monitoraggio>\n</row>\n\n<row>\n  <regione>Puglia</regione>\n  <des_tipologia_ente>Comuni e loro Consorzi e Associazioni</des_tipologia_ente>\n  <num_siti>232</num_siti>\n  <dat_monitoraggio>2023-06-30</dat_monitoraggio>\n</row>\n\n<row>\n  <regione>Puglia</regione>\n  <des_tipologia_ente>Istituti di Istruzione Statale di Ogni Ordine e Grado</des_tipologia_ente>\n  <num_siti>464</num_siti>\n  <dat_monitoraggio>2023-06-30</dat_monitoraggio>\n</row>\n\n<row>\n  <regione>Provincia autonoma di Trento</regione>\n  <des_tipologia_ente>Altre tipologie di Enti</des_tipologia_ente>\n  <num_siti>182</num_siti>\n  <dat_monitoraggio>2023-06-30</dat_monitoraggio>\n</row>\n\n<row>\n  <regione>Provincia autonoma di Trento</regione>\n  <des_tipologia_ente>Comuni e loro Consorzi e Associazioni</des_tipologia_ente>\n  <num_siti>164</num_siti>\n  <dat_monitoraggio>2023-06-30</dat_monitoraggio>\n</row>\n\n<row>\n  <regione>Provincia autonoma di Trento</regione>\n  <des_tipologia_ente>Istituti di Istruzione Statale di Ogni Ordine e Grado</des_tipologia_ente>\n  <num_siti>57</num_siti>\n  <dat_monitoraggio>2023-06-30</dat_monitoraggio>\n</row>\n\n<row>\n  <regione>Provincia autonoma di Bolzano</regione>\n  <des_tipologia_ente>Altre tipologie di Enti</des_tipologia_ente>\n  <num_siti>118</num_siti>\n  <dat_monitoraggio>2023-06-30</dat_monitoraggio>\n</row>\n\n<row>\n  <regione>Provincia autonoma di Bolzano</regione>\n  <des_tipologia_ente>Comuni e loro Consorzi e Associazioni</des_tipologia_ente>\n  <num_siti>61</num_siti>\n  <dat_monitoraggio>2023-06-30</dat_monitoraggio>\n</row>\n\n<row>\n  <regione>Provincia autonoma di Bolzano</regione>\n  <des_tipologia_ente>Istituti di Istruzione Statale di Ogni Ordine e Grado</des_tipologia_ente>\n  <num_siti>88</num_siti>\n  <dat_monitoraggio>2023-06-30</dat_monitoraggio>\n</row>\n\n<row>\n  <regione>Piemonte</regione>\n  <des_tipologia_ente>Altre tipologie di Enti</des_tipologia_ente>\n  <num_siti>548</num_siti>\n  <dat_monitoraggio>2023-06-30</dat_monitoraggio>\n</row>\n\n<row>\n  <regione>Piemonte</regione>\n  <des_tipologia_ente>Comuni e loro Consorzi e Associazioni</des_tipologia_ente>\n  <num_siti>986</num_siti>\n  <dat_monitoraggio>2023-06-30</dat_monitoraggio>\n</row>\n\n<row>\n  <regione>Piemonte</regione>\n  <des_tipologia_ente>Istituti di Istruzione Statale di Ogni Ordine e Grado</des_tipologia_ente>\n  <num_siti>367</num_siti>\n  <dat_monitoraggio>2023-06-30</dat_monitoraggio>\n</row>\n\n<row>\n  <regione>Molise</regione>\n  <des_tipologia_ente>Altre tipologie di Enti</des_tipologia_ente>\n  <num_siti>48</num_siti>\n  <dat_monitoraggio>2023-06-30</dat_monitoraggio>\n</row>\n\n<row>\n  <regione>Molise</regione>\n  <des_tipologia_ente>Comuni e loro Consorzi e Associazioni</des_tipologia_ente>\n  <num_siti>122</num_siti>\n  <dat_monitoraggio>2023-06-30</dat_monitoraggio>\n</row>\n\n<row>\n  <regione>Molise</regione>\n  <des_tipologia_ente>Istituti di Istruzione Statale di Ogni Ordine e Grado</des_tipologia_ente>\n  <num_siti>38</num_siti>\n  <dat_monitoraggio>2023-06-30</dat_monitoraggio>\n</row>\n\n<row>\n  <regione>Marche</regione>\n  <des_tipologia_ente>Altre tipologie di Enti</des_tipologia_ente>\n  <num_siti>159</num_siti>\n  <dat_monitoraggio>2023-06-30</dat_monitoraggio>\n</row>\n\n<row>\n  <regione>Marche</regione>\n  <des_tipologia_ente>Comuni e loro Consorzi e Associazioni</des_tipologia_ente>\n  <num_siti>183</num_siti>\n  <dat_monitoraggio>2023-06-30</dat_monitoraggio>\n</row>\n\n<row>\n  <regione>Marche</regione>\n  <des_tipologia_ente>Istituti di Istruzione Statale di Ogni Ordine e Grado</des_tipologia_ente>\n  <num_siti>198</num_siti>\n  <dat_monitoraggio>2023-06-30</dat_monitoraggio>\n</row>\n\n<row>\n  <regione>Lombardia</regione>\n  <des_tipologia_ente>Altre tipologie di Enti</des_tipologia_ente>\n  <num_siti>721</num_siti>\n  <dat_monitoraggio>2023-06-30</dat_monitoraggio>\n</row>\n\n<row>\n  <regione>Lombardia</regione>\n  <des_tipologia_ente>Comuni e loro Consorzi e Associazioni</des_tipologia_ente>\n  <num_siti>1351</num_siti>\n  <dat_monitoraggio>2023-06-30</dat_monitoraggio>\n</row>\n\n<row>\n  <regione>Lombardia</regione>\n  <des_tipologia_ente>Istituti di Istruzione Statale di Ogni Ordine e Grado</des_tipologia_ente>\n  <num_siti>942</num_siti>\n  <dat_monitoraggio>2023-06-30</dat_monitoraggio>\n</row>\n\n<row>\n  <regione>Liguria</regione>\n  <des_tipologia_ente>Altre tipologie di Enti</des_tipologia_ente>\n  <num_siti>121</num_siti>\n  <dat_monitoraggio>2023-06-30</dat_monitoraggio>\n</row>\n\n<row>\n  <regione>Liguria</regione>\n  <des_tipologia_ente>Comuni e loro Consorzi e Associazioni</des_tipologia_ente>\n  <num_siti>207</num_siti>\n  <dat_monitoraggio>2023-06-30</dat_monitoraggio>\n</row>\n\n<row>\n  <regione>Liguria</regione>\n  <des_tipologia_ente>Istituti di Istruzione Statale di Ogni Ordine e Grado</des_tipologia_ente>\n  <num_siti>153</num_siti>\n  <dat_monitoraggio>2023-06-30</dat_monitoraggio>\n</row>\n\n<row>\n  <regione>Lazio</regione>\n  <des_tipologia_ente>Altre tipologie di Enti</des_tipologia_ente>\n  <num_siti>884</num_siti>\n  <dat_monitoraggio>2023-06-30</dat_monitoraggio>\n</row>\n\n<row>\n  <regione>Lazio</regione>\n  <des_tipologia_ente>Comuni e loro Consorzi e Associazioni</des_tipologia_ente>\n  <num_siti>311</num_siti>\n  <dat_monitoraggio>2023-06-30</dat_monitoraggio>\n</row>\n\n<row>\n  <regione>Lazio</regione>\n  <des_tipologia_ente>Istituti di Istruzione Statale di Ogni Ordine e Grado</des_tipologia_ente>\n  <num_siti>538</num_siti>\n  <dat_monitoraggio>2023-06-30</dat_monitoraggio>\n</row>\n\n<row>\n  <regione>Friuli-Venezia Giulia</regione>\n  <des_tipologia_ente>Altre tipologie di Enti</des_tipologia_ente>\n  <num_siti>171</num_siti>\n  <dat_monitoraggio>2023-06-30</dat_monitoraggio>\n</row>\n\n<row>\n  <regione>Friuli-Venezia Giulia</regione>\n  <des_tipologia_ente>Comuni e loro Consorzi e Associazioni</des_tipologia_ente>\n  <num_siti>196</num_siti>\n  <dat_monitoraggio>2023-06-30</dat_monitoraggio>\n</row>\n\n<row>\n  <regione>Friuli-Venezia Giulia</regione>\n  <des_tipologia_ente>Istituti di Istruzione Statale di Ogni Ordine e Grado</des_tipologia_ente>\n  <num_siti>142</num_siti>\n  <dat_monitoraggio>2023-06-30</dat_monitoraggio>\n</row>\n\n<row>\n  <regione>Emilia-Romagna</regione>\n  <des_tipologia_ente>Altre tipologie di Enti</des_tipologia_ente>\n  <num_siti>353</num_siti>\n  <dat_monitoraggio>2023-06-30</dat_monitoraggio>\n</row>\n\n<row>\n  <regione>Emilia-Romagna</regione>\n  <des_tipologia_ente>Comuni e loro Consorzi e Associazioni</des_tipologia_ente>\n  <num_siti>287</num_siti>\n  <dat_monitoraggio>2023-06-30</dat_monitoraggio>\n</row>\n\n<row>\n  <regione>Emilia-Romagna</regione>\n  <des_tipologia_ente>Istituti di Istruzione Statale di Ogni Ordine e Grado</des_tipologia_ente>\n  <num_siti>436</num_siti>\n  <dat_monitoraggio>2023-06-30</dat_monitoraggio>\n</row>\n\n<row>\n  <regione>Campania</regione>\n  <des_tipologia_ente>Altre tipologie di Enti</des_tipologia_ente>\n  <num_siti>284</num_siti>\n  <dat_monitoraggio>2023-06-30</dat_monitoraggio>\n</row>\n\n<row>\n  <regione>Campania</regione>\n  <des_tipologia_ente>Comuni e loro Consorzi e Associazioni</des_tipologia_ente>\n  <num_siti>463</num_siti>\n  <dat_monitoraggio>2023-06-30</dat_monitoraggio>\n</row>\n\n<row>\n  <regione>Campania</regione>\n  <des_tipologia_ente>Istituti di Istruzione Statale di Ogni Ordine e Grado</des_tipologia_ente>\n  <num_siti>462</num_siti>\n  <dat_monitoraggio>2023-06-30</dat_monitoraggio>\n</row>\n\n<row>\n  <regione>Calabria</regione>\n  <des_tipologia_ente>Altre tipologie di Enti</des_tipologia_ente>\n  <num_siti>131</num_siti>\n  <dat_monitoraggio>2023-06-30</dat_monitoraggio>\n</row>\n\n<row>\n  <regione>Calabria</regione>\n  <des_tipologia_ente>Comuni e loro Consorzi e Associazioni</des_tipologia_ente>\n  <num_siti>300</num_siti>\n  <dat_monitoraggio>2023-06-30</dat_monitoraggio>\n</row>\n\n<row>\n  <regione>Calabria</regione>\n  <des_tipologia_ente>Istituti di Istruzione Statale di Ogni Ordine e Grado</des_tipologia_ente>\n  <num_siti>308</num_siti>\n  <dat_monitoraggio>2023-06-30</dat_monitoraggio>\n</row>\n\n<row>\n  <regione>Basilicata</regione>\n  <des_tipologia_ente>Altre tipologie di Enti</des_tipologia_ente>\n  <num_siti>57</num_siti>\n  <dat_monitoraggio>2023-06-30</dat_monitoraggio>\n</row>\n\n<row>\n  <regione>Basilicata</regione>\n  <des_tipologia_ente>Comuni e loro Consorzi e Associazioni</des_tipologia_ente>\n  <num_siti>94</num_siti>\n  <dat_monitoraggio>2023-06-30</dat_monitoraggio>\n</row>\n\n<row>\n  <regione>Basilicata</regione>\n  <des_tipologia_ente>Istituti di Istruzione Statale di Ogni Ordine e Grado</des_tipologia_ente>\n  <num_siti>80</num_siti>\n  <dat_monitoraggio>2023-06-30</dat_monitoraggio>\n</row>\n\n<row>\n  <regione>Abruzzo</regione>\n  <des_tipologia_ente>Altre tipologie di Enti</des_tipologia_ente>\n  <num_siti>149</num_siti>\n  <dat_monitoraggio>2023-06-30</dat_monitoraggio>\n</row>\n\n<row>\n  <regione>Abruzzo</regione>\n  <des_tipologia_ente>Comuni e loro Consorzi e Associazioni</des_tipologia_ente>\n  <num_siti>262</num_siti>\n  <dat_monitoraggio>2023-06-30</dat_monitoraggio>\n</row>\n\n<row>\n  <regione>Abruzzo</regione>\n  <des_tipologia_ente>Istituti di Istruzione Statale di Ogni Ordine e Grado</des_tipologia_ente>\n  <num_siti>121</num_siti>\n  <dat_monitoraggio>2023-06-30</dat_monitoraggio>\n</row>\n\n</table>\n
