<table xmlns:xsi="http://www.w3.org/2001/XMLSchema-instance">\n\n<row>\n  <cod_anno>2023</cod_anno>\n  <des_regione>Lombardia</des_regione>\n  <num_enti_tot>3298</num_enti_tot>\n  <num_enti_obiettivi>1928</num_enti_obiettivi>\n</row>\n\n<row>\n  <cod_anno>2023</cod_anno>\n  <des_regione>Piemonte</des_regione>\n  <num_enti_tot>2239</num_enti_tot>\n  <num_enti_obiettivi>1009</num_enti_obiettivi>\n</row>\n\n<row>\n  <cod_anno>2023</cod_anno>\n  <des_regione>Campania</des_regione>\n  <num_enti_tot>1904</num_enti_tot>\n  <num_enti_obiettivi>953</num_enti_obiettivi>\n</row>\n\n<row>\n  <cod_anno>2023</cod_anno>\n  <des_regione>Veneto</des_regione>\n  <num_enti_tot>1654</num_enti_tot>\n  <num_enti_obiettivi>924</num_enti_obiettivi>\n</row>\n\n<row>\n  <cod_anno>2023</cod_anno>\n  <des_regione>Sicilia</des_regione>\n  <num_enti_tot>1812</num_enti_tot>\n  <num_enti_obiettivi>779</num_enti_obiettivi>\n</row>\n\n<row>\n  <cod_anno>2023</cod_anno>\n  <des_regione>Emilia-Romagna</des_regione>\n  <num_enti_tot>1297</num_enti_tot>\n  <num_enti_obiettivi>764</num_enti_obiettivi>\n</row>\n\n<row>\n  <cod_anno>2023</cod_anno>\n  <des_regione>Lazio</des_regione>\n  <num_enti_tot>1720</num_enti_tot>\n  <num_enti_obiettivi>736</num_enti_obiettivi>\n</row>\n\n<row>\n  <cod_anno>2023</cod_anno>\n  <des_regione>Puglia</des_regione>\n  <num_enti_tot>1204</num_enti_tot>\n  <num_enti_obiettivi>651</num_enti_obiettivi>\n</row>\n\n<row>\n  <cod_anno>2023</cod_anno>\n  <des_regione>Toscana</des_regione>\n  <num_enti_tot>1164</num_enti_tot>\n  <num_enti_obiettivi>560</num_enti_obiettivi>\n</row>\n\n<row>\n  <cod_anno>2023</cod_anno>\n  <des_regione>Sardegna</des_regione>\n  <num_enti_tot>905</num_enti_tot>\n  <num_enti_obiettivi>534</num_enti_obiettivi>\n</row>\n\n<row>\n  <cod_anno>2023</cod_anno>\n  <des_regione>Calabria</des_regione>\n  <num_enti_tot>984</num_enti_tot>\n  <num_enti_obiettivi>423</num_enti_obiettivi>\n</row>\n\n<row>\n  <cod_anno>2023</cod_anno>\n  <des_regione>Marche</des_regione>\n  <num_enti_tot>683</num_enti_tot>\n  <num_enti_obiettivi>360</num_enti_obiettivi>\n</row>\n\n<row>\n  <cod_anno>2023</cod_anno>\n  <des_regione>Friuli-Venezia Giulia</des_regione>\n  <num_enti_tot>572</num_enti_tot>\n  <num_enti_obiettivi>342</num_enti_obiettivi>\n</row>\n\n<row>\n  <cod_anno>2023</cod_anno>\n  <des_regione>Liguria</des_regione>\n  <num_enti_tot>606</num_enti_tot>\n  <num_enti_obiettivi>279</num_enti_obiettivi>\n</row>\n\n<row>\n  <cod_anno>2023</cod_anno>\n  <des_regione>Abruzzo</des_regione>\n  <num_enti_tot>702</num_enti_tot>\n  <num_enti_obiettivi>252</num_enti_obiettivi>\n</row>\n\n<row>\n  <cod_anno>2023</cod_anno>\n  <des_regione>Basilicata</des_regione>\n  <num_enti_tot>354</num_enti_tot>\n  <num_enti_obiettivi>145</num_enti_obiettivi>\n</row>\n\n<row>\n  <cod_anno>2023</cod_anno>\n  <des_regione>Umbria</des_regione>\n  <num_enti_tot>347</num_enti_tot>\n  <num_enti_obiettivi>144</num_enti_obiettivi>\n</row>\n\n<row>\n  <cod_anno>2023</cod_anno>\n  <des_regione>Provincia autonoma di Trento</des_regione>\n  <num_enti_tot>499</num_enti_tot>\n  <num_enti_obiettivi>141</num_enti_obiettivi>\n</row>\n\n<row>\n  <cod_anno>2023</cod_anno>\n  <des_regione>Molise</des_regione>\n  <num_enti_tot>286</num_enti_tot>\n  <num_enti_obiettivi>113</num_enti_obiettivi>\n</row>\n\n<row>\n  <cod_anno>2023</cod_anno>\n  <des_regione>Provincia autonoma di Bolzano</des_regione>\n  <num_enti_tot>489</num_enti_tot>\n  <num_enti_obiettivi>108</num_enti_obiettivi>\n</row>\n\n<row>\n  <cod_anno>2023</cod_anno>\n  <des_regione>Valle d'Aosta/Vallée d'Aoste</des_regione>\n  <num_enti_tot>163</num_enti_tot>\n  <num_enti_obiettivi>80</num_enti_obiettivi>\n</row>\n\n</table>\n
