[
    {
        "cod_anno": 2023,
        "des_regione": "Lombardia",
        "num_enti_tot": 3298,
        "num_enti_obiettivi": 1928
    },
    {
        "cod_anno": 2023,
        "des_regione": "Piemonte",
        "num_enti_tot": 2239,
        "num_enti_obiettivi": 1009
    },
    {
        "cod_anno": 2023,
        "des_regione": "Campania",
        "num_enti_tot": 1904,
        "num_enti_obiettivi": 953
    },
    {
        "cod_anno": 2023,
        "des_regione": "Veneto",
        "num_enti_tot": 1654,
        "num_enti_obiettivi": 924
    },
    {
        "cod_anno": 2023,
        "des_regione": "Sicilia",
        "num_enti_tot": 1812,
        "num_enti_obiettivi": 779
    },
    {
        "cod_anno": 2023,
        "des_regione": "Emilia-Romagna",
        "num_enti_tot": 1297,
        "num_enti_obiettivi": 764
    },
    {
        "cod_anno": 2023,
        "des_regione": "Lazio",
        "num_enti_tot": 1720,
        "num_enti_obiettivi": 736
    },
    {
        "cod_anno": 2023,
        "des_regione": "Puglia",
        "num_enti_tot": 1204,
        "num_enti_obiettivi": 651
    },
    {
        "cod_anno": 2023,
        "des_regione": "Toscana",
        "num_enti_tot": 1164,
        "num_enti_obiettivi": 560
    },
    {
        "cod_anno": 2023,
        "des_regione": "Sardegna",
        "num_enti_tot": 905,
        "num_enti_obiettivi": 534
    },
    {
        "cod_anno": 2023,
        "des_regione": "Calabria",
        "num_enti_tot": 984,
        "num_enti_obiettivi": 423
    },
    {
        "cod_anno": 2023,
        "des_regione": "Marche",
        "num_enti_tot": 683,
        "num_enti_obiettivi": 360
    },
    {
        "cod_anno": 2023,
        "des_regione": "Friuli-Venezia Giulia",
        "num_enti_tot": 572,
        "num_enti_obiettivi": 342
    },
    {
        "cod_anno": 2023,
        "des_regione": "Liguria",
        "num_enti_tot": 606,
        "num_enti_obiettivi": 279
    },
    {
        "cod_anno": 2023,
        "des_regione": "Abruzzo",
        "num_enti_tot": 702,
        "num_enti_obiettivi": 252
    },
    {
        "cod_anno": 2023,
        "des_regione": "Basilicata",
        "num_enti_tot": 354,
        "num_enti_obiettivi": 145
    },
    {
        "cod_anno": 2023,
        "des_regione": "Umbria",
        "num_enti_tot": 347,
        "num_enti_obiettivi": 144
    },
    {
        "cod_anno": 2023,
        "des_regione": "Provincia autonoma di Trento",
        "num_enti_tot": 499,
        "num_enti_obiettivi": 141
    },
    {
        "cod_anno": 2023,
        "des_regione": "Molise",
        "num_enti_tot": 286,
        "num_enti_obiettivi": 113
    },
    {
        "cod_anno": 2023,
        "des_regione": "Provincia autonoma di Bolzano",
        "num_enti_tot": 489,
        "num_enti_obiettivi": 108
    },
    {
        "cod_anno": 2023,
        "des_regione": "Valle d'Aosta/Vallée d'Aoste",
        "num_enti_tot": 163,
        "num_enti_obiettivi": 80
    }
]