    {
        "data": [
            {
                "des_regione": "Lombardia",
                "num_enti_tot": 3297,
                "num_enti_con_dich": 1734,
                "perc_enti_con_dich_su_enti_tot": 52.59326660600545950900
            },
            {
                "des_regione": "Piemonte",
                "num_enti_tot": 2239,
                "num_enti_con_dich": 829,
                "perc_enti_con_dich_su_enti_tot": 37.02545779365788298300
            },
            {
                "des_regione": "Campania",
                "num_enti_tot": 1904,
                "num_enti_con_dich": 754,
                "perc_enti_con_dich_su_enti_tot": 39.60084033613445378200
            },
            {
                "des_regione": "Sicilia",
                "num_enti_tot": 1812,
                "num_enti_con_dich": 582,
                "perc_enti_con_dich_su_enti_tot": 32.11920529801324503300
            },
            {
                "des_regione": "Lazio",
                "num_enti_tot": 1719,
                "num_enti_con_dich": 637,
                "perc_enti_con_dich_su_enti_tot": 37.05642815590459569500
            },
            {
                "des_regione": "Veneto",
                "num_enti_tot": 1654,
                "num_enti_con_dich": 848,
                "perc_enti_con_dich_su_enti_tot": 51.26964933494558645700
            },
            {
                "des_regione": "Emilia-Romagna",
                "num_enti_tot": 1296,
                "num_enti_con_dich": 608,
                "perc_enti_con_dich_su_enti_tot": 46.91358024691358024700
            },
            {
                "des_regione": "Puglia",
                "num_enti_tot": 1204,
                "num_enti_con_dich": 554,
                "perc_enti_con_dich_su_enti_tot": 46.01328903654485049800
            },
            {
                "des_regione": "Toscana",
                "num_enti_tot": 1164,
                "num_enti_con_dich": 451,
                "perc_enti_con_dich_su_enti_tot": 38.74570446735395189000
            },
            {
                "des_regione": "Calabria",
                "num_enti_tot": 984,
                "num_enti_con_dich": 354,
                "perc_enti_con_dich_su_enti_tot": 35.97560975609756097600
            },
            {
                "des_regione": "Sardegna",
                "num_enti_tot": 905,
                "num_enti_con_dich": 420,
                "perc_enti_con_dich_su_enti_tot": 46.40883977900552486200
            },
            {
                "des_regione": "Abruzzo",
                "num_enti_tot": 702,
                "num_enti_con_dich": 229,
                "perc_enti_con_dich_su_enti_tot": 32.62108262108262108300
            },
            {
                "des_regione": "Marche",
                "num_enti_tot": 683,
                "num_enti_con_dich": 303,
                "perc_enti_con_dich_su_enti_tot": 44.36310395314787701300
            },
            {
                "des_regione": "Liguria",
                "num_enti_tot": 606,
                "num_enti_con_dich": 229,
                "perc_enti_con_dich_su_enti_tot": 37.78877887788778877900
            },
            {
                "des_regione": "Friuli-Venezia Giulia",
                "num_enti_tot": 572,
                "num_enti_con_dich": 302,
                "perc_enti_con_dich_su_enti_tot": 52.79720279720279720300
            },
            {
                "des_regione": "Provincia autonoma di Trento",
                "num_enti_tot": 499,
                "num_enti_con_dich": 67,
                "perc_enti_con_dich_su_enti_tot": 13.42685370741482965900
            },
            {
                "des_regione": "Provincia autonoma di Bolzano",
                "num_enti_tot": 489,
                "num_enti_con_dich": 103,
                "perc_enti_con_dich_su_enti_tot": 21.06339468302658486700
            },
            {
                "des_regione": "Basilicata",
                "num_enti_tot": 354,
                "num_enti_con_dich": 112,
                "perc_enti_con_dich_su_enti_tot": 31.63841807909604519800
            },
            {
                "des_regione": "Umbria",
                "num_enti_tot": 347,
                "num_enti_con_dich": 136,
                "perc_enti_con_dich_su_enti_tot": 39.19308357348703170000
            },
            {
                "des_regione": "Molise",
                "num_enti_tot": 286,
                "num_enti_con_dich": 78,
                "perc_enti_con_dich_su_enti_tot": 27.27272727272727272700
            },
            {
                "des_regione": "Valle d'Aosta/Vallée d'Aoste",
                "num_enti_tot": 163,
                "num_enti_con_dich": 77,
                "perc_enti_con_dich_su_enti_tot": 47.23926380368098159500
            }
        ],
        "intestazione": {
            "periodo_dichiarazioni": "2020 - 2022",
            "dat_ultimo_rilevamento": "2022-09-23"
        }
    }
