    {
        "data": [
            {
                "anno_dichiarazione": 2020,
                "num_dichiarazione_pub_anno": 8741
            },
            {
                "anno_dichiarazione": 2021,
                "num_dichiarazione_pub_anno": 10269
            },
            {
                "anno_dichiarazione": 2022,
                "num_dichiarazione_pub_anno": 12055
            }
        ],    
        "intestazione": {
            "periodo_dichiarazioni": "2020 - 2022",
            "dat_ultimo_rilevamento": "2022-09-23"
        }
    }
