    {
        "data": [
            {
                "num_siti": 3014,
                "des_regione": "Lombardia",
                "incidenza_errori": 17.64
            },
            {
                "num_siti": 1901,
                "des_regione": "Piemonte",
                "incidenza_errori": 18.78
            },
            {
                "num_siti": 1733,
                "des_regione": "Lazio",
                "incidenza_errori": 16.72
            },
            {
                "num_siti": 1459,
                "des_regione": "Veneto",
                "incidenza_errori": 16.78
            },
            {
                "num_siti": 1209,
                "des_regione": "Campania",
                "incidenza_errori": 17.90
            },
            {
                "num_siti": 1076,
                "des_regione": "Emilia-Romagna",
                "incidenza_errori": 15.47
            },
            {
                "num_siti": 1038,
                "des_regione": "Sicilia",
                "incidenza_errori": 18.59
            },
            {
                "num_siti": 899,
                "des_regione": "Puglia",
                "incidenza_errori": 17.83
            },
            {
                "num_siti": 882,
                "des_regione": "Toscana",
                "incidenza_errori": 16.62
            },
            {
                "num_siti": 739,
                "des_regione": "Calabria",
                "incidenza_errori": 17.94
            },
            {
                "num_siti": 707,
                "des_regione": "Sardegna",
                "incidenza_errori": 14.27
            },
            {
                "num_siti": 540,
                "des_regione": "Marche",
                "incidenza_errori": 19.52
            },
            {
                "num_siti": 532,
                "des_regione": "Abruzzo",
                "incidenza_errori": 17.32
            },
            {
                "num_siti": 509,
                "des_regione": "Friuli-Venezia Giulia",
                "incidenza_errori": 16.20
            },
            {
                "num_siti": 481,
                "des_regione": "Liguria",
                "incidenza_errori": 15.59
            },
            {
                "num_siti": 403,
                "des_regione": "Provincia autonoma di Trento",
                "incidenza_errori": 7.11
            },
            {
                "num_siti": 286,
                "des_regione": "Umbria",
                "incidenza_errori": 17.72
            },
            {
                "num_siti": 267,
                "des_regione": "Provincia autonoma di Bolzano",
                "incidenza_errori": 20.00
            },
            {
                "num_siti": 231,
                "des_regione": "Basilicata",
                "incidenza_errori": 18.01
            },
            {
                "num_siti": 208,
                "des_regione": "Molise",
                "incidenza_errori": 21.36
            },
            {
                "num_siti": 149,
                "des_regione": "Valle d'Aosta/Vallée d'Aoste",
                "incidenza_errori": 20.58
            }
        ],
        "intestazione": {
            "periodo_monitoraggio": "2-2023",
            "dat_ultimo_aggiornamento": "2023-06-30"
        }
    }
