    {
        "data": [
            {
                "num_siti": 6871,
                "des_tipologia_ente": "Comuni e loro Consorzi e Associazioni"
            },
            {
                "num_siti": 5996,
                "des_tipologia_ente": "Istituti di Istruzione Statale di Ogni Ordine e Grado"
            },
            {
                "num_siti": 5396,
                "des_tipologia_ente": "Altre tipologie di Enti"
            }
        ],
        "intestazione": {
            "periodo_monitoraggio": "2-2023",
            "dat_ultimo_aggiornamento": "2023-06-30"
        }
    }
