[
  {
    "date": "2023",
    "title": "Nuove funzionalità e nuovi dataset monitoraggio",
    "details": "Incremento del numero dei siti monitorati a seguito di inserimento nuove fonti (WAI). Applicazione del multi language - inclusione della lingua inglese. Pubblicazione dati 3° trimestre 2023. Aggiunta dei dati del monitoraggio approfondito, realizzato manualmente su un campione limitato di siti (100) e app (60) per l'anno 2023. Pubblicazione dati 4° trimestre 2023",
    "release": "In Arrivo"
  },
  {
    "date": "Giugno 2023",
    "title": "Introduzione di nuove informazioni",
    "details": "Nuova versione della pagina delle dichiarazioni d'accessibilità che include le nuove sezioni siti tematici e siti istituzionali. Nuova pagina dedicata all'analisi dei dati degli Obiettivi di accessibilità e nuova pagina dedicata al Progetto.",
    "release": "Attuale"
  },
  {
    "date": "Aprile 2023",
    "title": "Introduzione dati per le province Autonome di Trento e Bolzano",
    "details": "Vengono pubblicati i dati delle province di Trento e Bolzano nelle pagine del sito e negli opendata che contengono le distribuzione dei dati di monitoraggio e delle dichiarazioni di accessibilità per regioni",
    "release": "Passata"
  },
  {
    "date": "Marzo 2023",
    "title": "Rilascio del sito",
    "details": "Viene pubblicato il nuovo sito che espone i dati relativi al monitoraggio semplificato dell'accessibilità e gli errori riscontrati con maggiore frequenza sui siti delle PA.",
    "release": "Passata"
  }
]
